{
  "eye": {
    "orientation": [
      -0.8798764944076538,
      -0.03954201191663742,
      0.33985283970832825,
      -0.32977861166000366
    ],
    "magnitude": 0.5773502588272095,
    "position": [
      -208.5676727294922,
      -221.19825744628906,
      -200.91168212890625
    ]
  },
  "radius": 150,
  "type": "PERSPECTIVE"
}