{
  "eye": {
    "orientation": [
      -0.825131893157959,
      0.10791439563035965,
      -0.04239005967974663,
      0.552915096282959
    ],
    "magnitude": 0.5773502588272095,
    "position": [
      91.54695129394531,
      436.3805847167969,
      -186.66119384765625
    ]
  },
  "radius": 150,
  "type": "PERSPECTIVE"
}